Username,Email,FirstName,LastName,Password
koko,koko@abv.bg,Koko,Kokov,asd1
kiro,kiro@abv.bg,Kiro,Kirov,asd1
pesho,pesho@abv.bg,Petur,Petrov,asd1
neli,neli@abv.bg,Neli,Petrova,asd1
kiko,kiko@abv.bg,Kiko,Sotirov,asd1
gogo,gogo@abv.bg,Georgi,Georgiew,asd1
stilko,stilko@abv.bg,Stiliyan,Ivanov,asd1
riko,riko@abv.bg,Rifat,Cholakov,asd1
smith,smith@abv.bg,John,Smith,asd1
alek,alek@abv.bg,Alek,Manolov,asd1